{
  "name": "Certified Sliders",
  "image": "mcr.microsoft.com/devcontainers/javascript-node:20",
  "features": {
    "ghcr.io/devcontainers/features/git:1": {},
    "ghcr.io/devcontainers/features/common-utils:2": {}
  },
  "postCreateCommand": "bash .devcontainer/setup.sh",
  "forwardPorts": [3000],
  "portsAttributes": {
    "3000": { "label": "Next.js", "onAutoForward": "openBrowser" }
  },
  "settings": {
    "terminal.integrated.defaultProfile.linux": "bash",
    "files.autoSave": "onFocusChange"
  },
  "remoteEnv": {
    "NEXT_TELEMETRY_DISABLED": "1"
  }
}
